Question,Choice1,Choice2,Choice3,Choice4,Answer
Which keyword is used for function in Python language?,Function,def,Fun,Define,2
Which type of Programming does Python support?,object-oriented,structured,functional,All of the mentioned,4
Is Python case sensitive when dealing with identifiers?,no,yes,machine dependent,none of the mentioned,2
Which of the following is the correct extension of the Python file?,.python,.pl,.py,.p,3
Which of the following is used to define a block of code in Python language?,Indentation,Key,Brackets,All of the mentioned,1